post_id,comment_id,subreddit,self_text,coder1_emotion,coder1_topic,coder2_emotion,coder2_topic,Gemini_emotion,Gemini_topic
1,kemfj6q,worldnews,Considering American politics are the single largest factor in the outcome of the war in Ukraine it's not exactly a leap.,neutral,politics,neutral,politics,neutral,violence
2,l4ue82v,Palestine,thats what they want so they can play the victim again,disgust,politics,disgust,politics,disgust,other
3,l31pj6k,IsraelPalestine,"We could ask Hamas the same question. How many civilian casualties are you willing to inflict to reach your goal. Israeli casualties - all of them, Palestinians casualties, at least 30,000 and they are letting that number go up.",anger,"violence,politics",anger,"violence,politics",anticipation,violence
4,kviyv86,IsraelPalestine,Ah that makes sense. Thanks!,joy,other,joy,other,neutral,other
5,lonxwtm,IsraelPalestine,Why do you assume all of those 716 are civilians? Because you aren't serious about the war.,anger,politics,anger,violence,anger,violence
6,l6jpwd4,PublicFreakout,Or therapy.,neutral,"personal_narrative,other",disgust,other,neutral,other
7,kt1huvv,IsraelPalestine,"If people are starving then a ceasefire should be called to allow for humanitarian aid.

People act desperate when they don't have food. Shooting at them isn't helping.",sadness,humanitarian,sadness,humanitarian,neutral,humanitarian
8,m1a0spi,worldnews,You dont have to be on the Hamas payroll in order to eat,anger,humanitarian,disgust,humanitarian,neutral,violence
9,m3noag2,worldnews,Somehow Israel still to blame lmao. Absolute clowns both the UN and UNRWA. Terrorist lobbies is what they are.,disgust,politics,joy,politics,anger,violence
10,kfkzond,Palestine,"The inability of dems to clearly differentiate themselves from Republicans and come up with a candidate who is a true alternative to the orange mop rather than the lesser evil, demonstrates the irrelevance of the democratic party.

I would never ever vote for a genocide supporter.",anger,politics,anger,politics,disgust,politics
11,n5jewss,IsraelPalestine,Their society is beyond redemption. Other than actually becoming the genocidal monsters we are accused of being it‚Äôs hard to know.¬†,disgust,politics,disgust,"violence,politics",disgust,personal_narrative
12,kdb2lhs,CombatFootage,"The same people are using Ukrainian prisoners as bullet shields, sniper baits or are killing them in staged combat actions. I think some deshumanizing words are no match for what the Russians are doing in the field.",anger,violence,disgust,violence,neutral,violence
13,lpxaw67,CombatFootage,"Looks a lot more successful than what Israelis and the US said it was. Why, though?",surprise,politics,surprise,violence,neutral,humanitarian
14,lc9cdkn,IsraelPalestine,"If there is a thousand like Hamas, they should probably show their faces now.  How much more does Gaza have to suffer before this ""thousand like Hamas"" shows up to fight?",anger,violence,anger,violence,neutral,violence
15,l0b3utb,AskMiddleEast,Have you guys seen /NewIran?  I've never seen so many useful idiots cheer an attack on their own country,joy,politics,disgust,politics,anger,violence
16,lx80yib,Palestine,"I wont be surprised if the so called Hamas attackers on 7 Oct, were paid off by this devil of a human being.",anticipation,politics,anticipation,politics,surprise,violence
17,mvdytoh,PublicFreakout,Good for you. Do you want some kind of award for being old?,disgust,personal_narrative,disgust,personal_narrative,joy,violence
18,nctt2tk,IsraelPalestine,"You're wrong about one thing on the Israel-Palestine subreddit. It's the opposite: we've cared about other genocides, but we support Israel's actions.",neutral,politics,trust,politics,disgust,violence
19,nekjfsw,IsraelPalestine,"The UN represents the countries of the world. And the countries of the world represent the population of those countries. So ultimately, the way the UN treats countries is similar to how people treat the people who live in those countries.

That's why the UN couldn't care less about millions dying in Africa, be it in massive wars that kill millions, or actual genocides and mass starvation, that's happening right now. That's why they mostly don't mind when Arabs are killing other Arabs, unless they can somehow tie the Jews to it (compare Yemen and Gaza, Damour and Sabra and Shatila, and so on). 

And yes, how they treat the Jewish state, is largely a reflection of how the world sees the Jews. With a strong portion (many of whom led by actual, Holocaust-denying antisemites, from countries where 80%-90% of the population have classically antisemitic views) arguing that the Jews are not just the worst evil in the world, but worse than all the other evils combined. And everyone else agreeing that even if that's not true, the Jews' existence, and ability to defend themselves, is not given, as with other countries, but conditional on the goodwill of their non-Jewish rulers.

With that said, I don't think just saying ""the UN is antisemitic"" will convince anyone. Not even pointing out that one of the people who wrote this report, literally said that the ""Jewish lobby"" is controlling social media. A statement mirrored by the UNHRC's other vehicle for anti-Israeli propaganda reports, internationally-recognized antisemite Francesca Albanese, when she said that the US is controlled by the Jewish lobby. Some people, ultimately, will never agree that anything can be antisemitic, including literal mass murder of Jews. Even view the label ""antisemitic"" as a badge of honor - a behavior that was used to be limited to Neo-Nazis, but now has spread to people who identify as non-racists. But it's much harder to argue that the UN is a ""Western based organization"", and there's anything notable about it lambasting the ""Western allied state"" of Israel. That's not some subjective judgement call, that can be dismissed by saying the Jews are lying about being targets of racism. It's just obviously, objectively, untrue.",disgust,politics,disgust,politics,anger,violence
20,lal7dzb,worldnews,"It's human instinct to help someone who's in a hurt situation, but students and other younger people clearly have done zero research as to *why* this war is actually happening. Hamas and other Muslim terror groups, who people strongly disliked after 9/11, finally see that they're getting positive attention and continue to do what they do without a second thought.

a bit of a rant:

&gt;!They're also in EVERY SINGLE FUCKING comment section on social media, if it's a kid with cancer, the comments are ""FREE PALESTINE, FREE PALESTINE"", if it's a video about the Holocaust, the comments are ""THIS IS WHAT ISRAEL IS DOING TO GAZA"" or some other bullshit.!&lt;",disgust,politics,anger,"politics,personal_narrative",anger,violence
21,mskj66c,worldnewsvideo,Well if it's true hopefully you guys would revolt by then,anticipation,politics,anticipation,politics,anticipation,other
22,kdgfksj,Palestine,They replaced their hatred for one group with another.,sadness,politics,sadness,"religion,politics",neutral,other
23,l5ujxxp,AskMiddleEast,"![gif](giphy|cINi5gQlrlnMeuSAaG|downsized)

Their sons &amp; daughters to a blood line of lunatics who thrived on stealing with no repercussions. But I do feel that this generation wont get the same sympathy treatment as that card has long expired..",disgust,politics,disgust,"violence,politics",neutral,personal_narrative
24,kv3rllz,AskMiddleEast,"Because it's a stupid and bad faith question. Wudu is the minor washing, there are no rakat. It's a pointless question because you can easily Google the answer anyway. If you want to check I was actually muslim, ask a question that isn't easily searchable.",anger,religion,anger,religion,anger,religion
25,k7wu47m,worldnewsvideo,#neverforget,sadness,other,sadness,other,neutral,other
26,l2zatt6,AskMiddleEast,"‚Ä¢ Pressuring western countries into recognizing a palestinian state

‚Ä¢ Refusing to recognize israel under immense american pressure

‚Ä¢ Boosting funds to unrwa when its accused of helping hamas carry out oct 7 attack

All that doesnt harm their relationship with usa and other western countries?

Usa attempted to pressure saudis into normalizing with israel by halting arm sales yet saudi stood their ground.

What else could saudi possibly do to help the palestinians?",neutral,politics,neutral,politics,neutral,violence
27,ke9tvy8,AskMiddleEast,"WE don't have to, we can get it on ASAP. And don't call for a ceasefire. Let's get it",anger,violence,anticipation,violence,neutral,politics
28,ktw03ws,NonCredibleDefense,"My brother in christ do you know what killed the most tanks? 

And no that quora answer that claims stug 3 is wrong.

It's AT guns, and by a lot. Seriously, A LOT. Next is mines, then artillery, and then tank destroyers. Then handheld anti-tank weapons and THEN other tanks.

The Tiger was trash because 'significant numbers' would have required:

A: extremely increased production capacity
B: extremely increased production materials
C: seriously increased production workers
D: seriously increased transportation
E: extremely increased maintenance parts
F: extremely increased fuel supply
G: seriously increased tank crew availability

Basicallt they needed HOI4 cheats on max.

So yes, it's a shit tank",joy,other,neutral,other,anger,violence
29,ka2tnrt,AskMiddleEast,"Of course they do not, what?",surprise,other,surprise,other,neutral,other
30,l0m9quf,Palestine,Bruh this guy is unhinged and his soul is black.,disgust,personal_narrative,disgust,personal_narrative,neutral,politics
31,ljsu8md,worldnews,"Orban first took power in 1998 and has held it consecutively since 2010. They have had 14 years to stop becoming more authoritarian, to quit cozying up to Putin or inviting China to set up secret police stations in their country. Enough is enough.",anger,politics,anger,politics,neutral,politics
32,nkjskon,PublicFreakout,"At the very least, cut off the money spigot to their genocidal government.",anger,politics,anger,politics,neutral,politics
33,l2szddp,worldnews,"Can you believe how many fucking tunnels there were? They were *everywhere.* Everywhere under key civilian infrastructure, anyway. No outrage in a tunnel getting blown up if it was in the middle of an empty field‚Ä¶",surprise,violence,surprise,violence,anger,humanitarian
34,khdnrma,worldnews,Ah yes being against war crimes is antisemitism now. We love Reddit‚Äòs masterminds /s,anger,politics,disgust,politics,joy,violence
35,k8c08jz,NonCredibleDefense,"Either ignorance, or they're arguing in bad faith.",disgust,politics,disgust,other,trust,other
36,m2n6jsg,worldnews,Blah blah blah. He was an invader so he can eat dirt. Good riddance.,disgust,politics,joy,violence,joy,other
37,le7dqx3,Palestine,"I visited southern Lebanon about a year after the war on Iraq started. Some people wanted to know my opinions on things. In two months, the most ""negative"" comment I got was, ""I like Americans, but hate Bush.""",neutral,personal_narrative,neutral,personal_narrative,anger,personal_narrative
38,lexhy0u,Palestine,Yeah most of the congress just spent an hour glazing Mr. Genocide himself.,anger,politics,disgust,politics,disgust,violence
39,nl7cfpt,IsraelPalestine,"You‚Äôre weird or ignorant, probably both. 

An admitted Jihadist terrorist group‚Ä¶‚Äù
You mean the group that was literally elected in 2006 and has governed under blockade and occupation ever since? Israel controls Gaza‚Äôs borders, airspace, and sea ‚Äî but sure, let‚Äôs pretend it‚Äôs some random ‚Äúneighboring country.‚Äù

‚ÄúSprayed bullets into the backs of hundreds of people from 27 countries‚Ä¶‚Äù
That line alone screams propaganda and honestly? Its very lazy of you. Even Israeli officials have walked back early claims and numbers once independent investigations started contradicting their ‚Äúfog-of-war‚Äù storytelling. Maybe check beyond the IDF press releases before repeating them like gospel.

‚ÄúThey also took 251 hostages‚Ä¶‚Äù
Oh let‚Äôs stop the fake outrage and concern. 
Yes ‚Äî and how many Palestinians are still held hostage by Israel without trial, including children? Israel has detained and tortured civilians for decades under ‚Äúadministrative detention,‚Äù but that somehow doesn‚Äôt count? Or is it just convenient not to mention it? 

‚ÄúThey launched thousands of rockets‚Ä¶‚Äù
Meanwhile Israel‚Äôs been flattening entire residential blocks, refugee camps, hospitals, cities, and schools ‚Äî killing tens of thousands, most of whom were women and kids. If rockets are your measure of morality, you might want to weigh that against 2,000-lb bombs dropped daily. üòÇ 

‚ÄúHow do you not see this as an act of war?‚Äù
Because ‚Äúwar‚Äù implies two equal sides. Gaza is an occupied, besieged strip of land experiencing a genocide by the heavy hand of US-Israel military machine. What you‚Äôre describing is the consequence of decades of apartheid, ethnic cleansing, and state terror ‚Äî not the start of a war, but a response within one.

Ultimately you‚Äôre just talking out of your behind with little to no stake or resolve in fully understanding this terrible situation so your response, opinions and insights are irrelevant with no value. Remember that please. 

So maybe before lecturing others about ‚Äúacts of war,‚Äù learn the difference between self-defense and systematic oppression ‚Äî and between facts and Fox News.",anger,"politics,violence",anger,"violence,politics",anger,violence
40,lotguk4,worldnews,Watch the Anthony Bourdain episode about the 2006 war [https://youtu.be/Jv1AspvCiuA?si=wyF-VBQNtrdRYGTC](https://youtu.be/Jv1AspvCiuA?si=wyF-VBQNtrdRYGTC) The airport is not safe unfortunately.,fear,personal_narrative,neutral,other,neutral,violence
41,kqr7oz2,IsraelPalestine,The palis should go there. Place to live and complete the Haj.,neutral,politics,disgust,politics,neutral,other
42,m5c7c1o,worldnews,"Israel is US Proxy in middle east. You should see what will happen after this war ends. There is going to be more entrants in the abraham accords, IMEC talks will resume, etc. Israel is a very important player in this equation.",neutral,politics,neutral,politics,anticipation,violence
43,lf3crrl,IsraelPalestine,"Hey, if you want discuss the plight of the Palestinians refugees and the fact that there's 3 to 4 generations of people born in a country still labeled ''refugee''. Lets do it.

It's still not Apartheid.",neutral,politics,neutral,politics,neutral,humanitarian
44,l4eldrt,CombatFootage,Back to the stoneage,anger,violence,joy,violence,neutral,other
45,n2d7bnn,IsraelPalestine,"3rd Reich came into power in 1933 and ended in 1945, that's 12 years not 8.",neutral,other,neutral,history,neutral,personal_narrative
46,nlxe903,IsraelPalestine,At the point where you generalize the people of a nation in a derogatory way you lose any license you may have had to engage in civilized discussion. At best it's going to be a race to the bottom. Feel free to make another comment in reply to my prior comment and if you manage to do better I'll engage. Otherwise best of luck.,disgust,personal_narrative,disgust,other,joy,personal_narrative
47,lg4lebt,worldnews,Okay where?,neutral,other,neutral,other,neutral,other
48,l615po0,IsraelPalestine,"Considering that IDF is an actual army and not a ‚Äúgroup‚Äù as Hamas, there should be clear guidelines and restrictions on acceptable behavior, and actions. When pro-Israel people make excuses and dismiss their wrongdoings, it perpetuates a culture of tolerance for such actions and further pushes IDF from any accountability.",anger,politics,anger,"violence,politics",neutral,violence
49,lh9505q,PublicFreakout,If you're gonna get a real safe you may as well make it big enough that 3 idiots in a Kia will struggle with it,joy,other,joy,other,anger,other
50,n9uxjg5,PublicFreakout,But they want aid to go across and Israel is what is stopping that,anger,humanitarian,anger,humanitarian,neutral,humanitarian
51,mri29i4,IsraelPalestine,"Boo fucking hoo.¬†


Maybe Zionists should stop trying to equate being Jewish with being a Zionist, and Israel should stop being so comically evil. It won't,¬†and dismantlement is the only way to fix it.¬†",anger,politics,anger,politics,anger,religion
52,l3v9ec0,worldnews,"The only reason they are in NATO is Bosporus, they are barely in Europe, they do not have a western ideology and even threaten war with other NATO members.",anger,politics,disgust,politics,fear,violence
53,lfzdhxd,worldnews,"I think Gael Garcia did one‚Ä¶. I don‚Äôt remember what it‚Äôs called. 

But I also remember hearing how if they were ‚Äúcaught‚Äù their hair was dyed blue.",neutral,personal_narrative,neutral,other,neutral,personal_narrative
54,kz9v0z8,worldnewsvideo,Scum,anger,other,anger,other,neutral,other
55,kwn7nzw,NonCredibleDefense,It sounds like the ersatz version of smetana.,neutral,other,neutral,other,neutral,politics
56,koy4lyv,AskMiddleEast,"No it isn‚Äôt lmao üò≠ as those converts aren‚Äôt indigenous while Palestinians are.

It‚Äôs like Canada or the USA  expelling all native Americans then only allowing Christian‚Äôs and Christian converts to come",joy,politics,disgust,history,joy,religion
57,kuf8lcs,AskMiddleEast,"Next level masochism, yikes",surprise,other,disgust,other,neutral,other
58,m9cqu4w,IsraelPalestine,"You do realize that the Mamluk Sultnate were not Arabs right? 

Anyway 

Why these colonizers have the same ancestory of the ancient Canaanites?

https://blogs.timesofisrael.com/dammi-israeli-the-genetic-origins-of-the-palestinians/",neutral,history,neutral,history,neutral,personal_narrative
59,kev5dxz,Palestine,You need to secure the publicity for this to be effective,neutral,politics,neutral,politics,neutral,other
60,l7z9zl6,PublicFreakout,Some of them have been outed on other ig pages. Hesitant to do it here because they are starting college next year which means they may technically be minors.,fear,personal_narrative,fear,personal_narrative,neutral,personal_narrative
61,kgjn7v3,Palestine,This is murder.Stop Israeli oppression.FREE PALESTINE NOW!!!,anger,violence,anger,violence,neutral,personal_narrative
62,kacmn9y,IsraelPalestine,? Elaborate on your second point. Do you think Hamas is controlling all of the world‚Äôs media? They don‚Äôt have that much power.,neutral,politics,neutral,politics,neutral,violence
63,lg60ts3,PublicFreakout,"Because of antisemitism. To be clear, there are real instances of antisemitism. But Zionists ran a crazy good PR machine to brainwash the world that Israel EQUALS Judaism so any criticism is antisemitic",anger,politics,disgust,politics,surprise,religion
64,nbpwq6r,IsraelPalestine,"&gt;Under Netanyahu they've long resisted meaningful Palestinian statehood

**Why**? Is there a reason why they would not want a Palestinian State?

Only [16% of Jewish Israelis](https://www.pewresearch.org/global/2025/06/03/israeli-public-is-increasingly-skeptical-about-lasting-peace/) think that lasting peace is possible with a potential Palestinian State. Only [28% of the population feels safe](https://www.inss.org.il/publication/survey-june-2025/). 

[Half of Israelis](https://www.pewresearch.org/global/2025/06/03/views-of-the-potential-for-lasting-peace/) do not think that a two-state solution is possible.

&gt;They openly call for annexing the West Bank and have dismissed Palestinian national identity as 'an invention.'

How much power do they actually hold?

&gt;Ben-Gvir himself is a disciple of hardline Kahanist ideology and is currently in charge of the the National Security Ministry, he‚Äôs advocated (and facilitated) arming settlers, encouraged police crackdowns on Arab citizens, and even suggested stripping disloyal Arab Israelis of citizenship.

Again, how much **political** power does he wield? Does he have the political means to achieve these ideals?

Gvir has a [54% unfavorable](https://www.pewresearch.org/global/2025/06/03/views-of-israeli-and-palestinian-political-leaders/) rating.

&gt;While they are less openly militant, they do support coalition policies that entrench permanent control over the territories while extracting concessions on religion-state issues that erode secular Israeli's rights.

Once again, do they wield political power to achieve these goals?

&gt;they pushed judicial reforms aimed at weakening checks and balances inside Israel itself.

&gt;pushed for weakening Israel‚Äôs High Court, the same court that in theory provides some protection for minority rights.

**This** is what people should be protesting against. The problem is that Netanyahu and other right wing politicians keep getting elected because of the increase of terrorism that happened under left leaning governments. Only [1% of Israelis want Hamas](https://www.pewresearch.org/wp-content/uploads/sites/20/2025/05/SR_25.05.09_gaza_1.png?resize=420,386) to stay in power after the war. Netanyahu is still [polling almost 3x higher](https://www.jns.org/poll-60-of-israelis-back-return-to-fighting-in-gaza/) than his potential opponent.

Terrorism has to get under control if Israel has any hope of addressing the threats that the right wing politicians pose to the governmental structure.",neutral,politics,neutral,politics,joy,violence
65,kc4fvcc,IsraelPalestine,"i read tons of comments of lefty westerners who claim that hamas didnt use mass rape as a weapon.

the very same people who spend the last 6 years shouting ""believe survivors"" dont believe survivors and they act like there is nothing wrong with that .....",anger,politics,disgust,"politics,violence",anger,violence
66,l02l1q2,Palestine,I don‚Äôt understand how this will do anything to help anyone.,neutral,other,sadness,other,anticipation,humanitarian
67,kfztklh,IsraelPalestine,"My point is, why would Israeli law apply outside Israel and on Palestinians in Gaza? Can you think of a reason to deprive them of water?",neutral,politics,confusion,politics,neutral,personal_narrative
68,n5qniad,IsraelPalestine,"From the people who brought you ""That's not a dead baby, that's a doll!""",disgust,politics,disgust,violence,sadness,violence
69,nezgays,PublicFreakout,"Alright, because I cant find the comment where you're calling me a victim blamer for using the exact same phrasing you did.",neutral,personal_narrative,neutral,other,anger,personal_narrative
70,lmsn8aa,IsraelPalestine,"Nope. Israel does not legally allow Palestinians to peacefully protest, proof of that would be the American girl who was just murdered by the IDF for peacefully protesting and the Palestinians who were arrested for peacefully protesting after violent settlers stole their home‚Ä¶ oh wait, do you not ever come across the day to day content because it doesn‚Äôt back up your biases that Israel is the victim in all this? Hmm, how convenient.",anger,politics,anger,"politics,violence",anticipation,violence
71,lr78f9v,worldnews,Except that Palestinians have received more aid than any refugee group in the history of the world. So there goes it argument. Whoops.,disgust,politics,disgust,"humanitarian,politics",neutral,humanitarian
72,nqiv6nb,IsraelPalestine,"It‚Äôs indeed quite amusing that Israel seems to want ‚Äúvoluntary migration‚Äù but doesn‚Äôt make it particularly easy. 

Yet some people do leave. [There is dedicated Wiki page](https://he.wikipedia.org/wiki/%D7%94%D7%92%D7%99%D7%A8%D7%AA_%D7%A4%D7%9C%D7%A1%D7%98%D7%99%D7%A0%D7%99%D7%9D_%D7%9E%D7%A8%D7%A6%D7%95%D7%A2%D7%AA_%D7%A2%D7%96%D7%94) on the subject (alas, Hebrew only), here is lightly edited Google translate of relevant section:

&gt;During the Gaza War, Egypt closed the border with Gaza, preventing Palestinians from leaving the Gaza Strip. Despite this, hundreds of Gazans left through the crossing every day.
&gt;
&gt;Until the closure of the Rafah crossing on May 6, 2024, approximately 5,000 Gazans, sick and accompanied, had left for medical treatment in other countries. Since then, until early July 2024, several dozen people had left for medical treatment through the Kerem Shalom crossing. On July 1, 2024, the government committed to the Supreme Court to establish a mechanism that would allow Gazans to leave for medical treatment outside of Israel. On July 30, 2024, 148 patients and their companions left for medical treatment in the United Arab Emirates. On August 15, 2024, 26 Gazans were reported to have left for medical treatment in Jordan. In early November 2024, 231 Gazans were flown to the United Arab Emirates and Romania for medical treatment.

There are multiple links to the sources in the original.",joy,"humanitarian,politics",mixed,politics,disgust,politics
73,lsct2q7,IsraelPalestine,Doesn't change that Israel has murdered more,anger,violence,anger,violence,neutral,other
74,kxe75m1,AskMiddleEast,How can you be an israeli arab if israel doesn't exist,confusion,politics,joy,politics,neutral,personal_narrative
75,mwx93vm,PublicFreakout,I'd agree with you on that sway. maybe not as extreme numbers but still id say more % people were violent on J6 than now,neutral,politics,neutral,politics,trust,personal_narrative
76,nfq7skq,PublicFreakout,"I'm appaled that none of those dude didnt just straight up grab her by the throat, the fuck?",anger,violence,anger,violence,anger,personal_narrative
77,mb2tebz,IsraelPalestine,"Trump can‚Äôt end this because he just wants to look like a peace maker without making peace. Shambolic. Look it up. 

Palestinians never remember their violence against Jews October 7 or for 70 years since 1948. They also never remember the reason they were moved out of Israel. 

In 1948, Arab governments refused to let their people share the land with Jews. They said Islam could never be subservient to any other religion. Swedish diplomats invented the fake right of return to placate Arabs and Arab oil. 

Instead many Arab villages attacked Israeli settlements they had lived peacefully with for  decades. Islamic clerics also insisted Palestinians attack Jews and leave Israel. Israel‚Äôs army didn‚Äôt have enough troops to garrison all the villages that attacked them.  Israel did force 500k-600k Arab civilians to leave. 200,000 who didn‚Äôt attack Jews stayed.  

The UN through UNRWA have sustained a fake right of return for 70 years that NO OTHER REFUGEES were given. Did Muslims in Pakistan have rights in India after independence? No. 

If Palestinians hadn‚Äôt promised to wipe Israel off the map since 1948, Israel might have let them return. No country would let their own murderers back in. 

The UNHCR is a separate refugee organization that tries to integrate all other refugees into countries that accept them. UNHCR fostered peaceful resettlements all over the world that typically took less than 5-10 years to achieve success. 

Arab governments and Islamic extremists with the help of UNRWA made sure Palestinians would never make peace.  Palestinians have been duped into martyrdom by other Arabs since 1948",anger,politics,anger,"history,politics",anger,humanitarian
78,mhveojz,worldnews,"They can't lock them open, that would drain necessary water supply to the sea, but I don't see why they couldn't close them and set massive termite charges on the essential machinery. 

Could also scuttle boobytrapped ships filled with explosives in the most narrow passages .

And in the long run, how are the American military supposed to ensure that no guerrillas launch a boat drone and sink a ship in the canal? 

This whole thing is so stupid.",neutral,other,disgust,other,anger,humanitarian
79,ll72w8e,worldnews,"they should (and will) release it. as terrible as it is for the families to bear, it will add to the pile of evidence that the west minority of insane people enjoy jews being killed and more. Always remember how the world responded, and the minority of which supported a group capable of doing these things.",sadness,politics,sadness,violence,anger,violence
80,lpd6z1n,AskMiddleEast,do you have something constructive to add to the discussion or just swearing like an angry teenager?,anger,personal_narrative,disgust,other,anger,other
81,mq7p9yx,IsraelPalestine,"Can you cite the definition that ‚Äúliterally labels being critical of Israel as antisemitic‚Äù? The most widely adopted definition of antisemitism, the [IHRA definition](https://holocaustremembrance.com/resources/working-definition-antisemitism), states ‚Äú*However, criticism of Israel similar to that leveled against any other country cannot be regarded as antisemitic*.‚Äù

So which definition ‚Äúthat they are trying to force everyone to use‚Äù are you referring to?",neutral,politics,neutral,politics,neutral,religion
82,kcx7nd4,IsraelPalestine,"From your perspective.
From the perspective of the Palastinians and Egyptians, it's not. Israel must not take more territory than it already has, because it is an occupational force.
You don't give the occupier more territory even if it would cost you blood.",neutral,politics,neutral,politics,anticipation,violence
83,kyorv4y,IsrealPalestineWar_23,Awser my dm please. I want to tell you something real,neutral,personal_narrative,neutral,personal_narrative,neutral,personal_narrative
84,lqbztrc,Palestine,The ‚Äúdamage‚Äù on the circled areas looks too consistent. Looks more like oil stains. We all saw how many missiles landed at and around nevatim from videos. And we‚Äôve seen the blast radius just one of these missiles are capable of. Israel (with the help of the US) is deliberately hiding the extent of damages inflicted to the base.,neutral,violence,suspicion,"violence,politics",neutral,violence
85,kogbvso,IsraelPalestine,"""We will kill Jews everywhere. There will be no security for any Jews, those who came from America, Russia or anywhere.""

- Hamas co-founder Abdel Aziz al-Rantisi",fear,violence,fear,violence,anticipation,violence
86,m9oeaml,Palestine,There they go again,disgust,other,disgust,other,neutral,other
87,le8kt27,CombatFootage,This fucking video.,anger,other,anger,other,anger,other
88,k71xe3o,CombatFootage,‚ÄúTheir is no Hamas in the West Bank why is there no peace‚Äù,anger,politics,disgust,politics,joy,violence
89,m9oxnl1,IsraelPalestine,"I think this  article was very insightful. Please read it: [https://www.bbc.com/news/articles/c1dgqn7nq0no](https://www.bbc.com/news/articles/c1dgqn7nq0no) and please note that the BBC is frequently criticized for their anti-Israel news coverage and breached their own editorial standards to do so [https://variety.com/2024/tv/global/bbcs-israel-hamas-coverage-breached-editorial-guidelines-asserson-report-1236137850/](https://variety.com/2024/tv/global/bbcs-israel-hamas-coverage-breached-editorial-guidelines-asserson-report-1236137850/)

  
When you read the BBC article, did you notice how they mentioned affluent neighborhoods in Gaza?

The narrative has long been that Gaza was a concentration camp. An open air prison. Yet they have affluent neighborhoods. Concentration camps did not have luxury accommodations for the wealthy. Neither do prisons. 

So I think the destruction of Gaza should be reported through the stories of Gazans who lived through the destruction. Let them report what they lost. 

I feel this for two reasons:

1) Reports from Gazan citizens will give a clearer picture of how their lives changed since the war, which will yield a much more accurate account of what Gaza was like before the war. Let Gazans report on how their 10 room apartment was destroyed. How they no longer have access to swimming pools and tennis courts. Because they did lose these things. However, concentration camps and prisons typically don't offer spacious living arrangements and swimming lessons. Let the lie of Gaza being a concentration camp or a prison die.

2) There are affluent neighborhoods in Gaza largely because Hamas compensates itself handsomely from funds that are supposed to provide for the people of Gaza. Let the Hamas members and their associates identify themselves to the world.",trust,politics,neutral,"politics,humanitarian",anger,violence
90,krstg9i,CombatFootage,Blyaaaaaat blyaaaaaaat....BOOM.,neutral,politics,joy,violence,neutral,other
91,kf0gyrt,worldnews,I think it would take them a while to fly all the way to Ireland though.,neutral,politics,joy,other,neutral,personal_narrative
92,m5rmoho,IsraelPalestine,But that‚Äôs because they‚Äôre governed by the PA.,neutral,politics,neutral,politics,neutral,other
93,kbb0sjk,worldnews,Any competent military leader would be disposed of for fear of them leading a revolt.,neutral,politics,neutral,other,fear,violence
94,n2n0xb0,Palestine,"Your content has been removed for violating  **[Rule #9](https://www.reddit.com/r/Palestine/wiki/rules/#wiki_rule_.239._inclusivity_and_respect_guidelines)**.

---

**Please read our [rules](https://www.reddit.com/r/palestine/wiki/rules/) carefully. [Join r/Palestine Discord](https://discord.gg/rpalestine)**",neutral,politics,neutral,other,neutral,personal_narrative
95,nnl1m5e,IsraelPalestine,"The sense of self importance among my fellow Jews is astounding. His victory isn‚Äôt about Israel. He tries to barely even talk about Israel. He‚Äôs the mayor of NEW YORK CITY.

I get it, it‚Äôs a city with the biggest population of Jews outside of Israel so it‚Äôs a special place to us. My family immigrated to New York. All my Jewish half of the family is from New York.

But we CANNOT base our important domestic decisions on a complicated moral issue happening elsewhere. It‚Äôs not even that complicated. Don‚Äôt hold it against someone for being against violence and then also call him a terrorist. He doesn‚Äôt have to have fully formed opinions about Israel.

NYC is for all immigrants not just the Jewish ones. My Irish immigrant side also came to New York. What I keep telling my mom is, the lessons we‚Äôre supposed to learn from our people‚Äôs history isn‚Äôt that Jews are special. It‚Äôs that you have to treat everyone humanely. Every immigrant! Gay! Disabled! People of every ethnicity. People from anywhere. 

In the absence of being someone who makes decisions for Israel, he doesn‚Äôt need to explain why he has previously expressed that RELIGIOUS NATIONALISM IS BAD! Aren‚Äôt you all seeing it here? The evangelical Christians are the problem. We actually share in being a religious minority (in America) with Muslims and it‚Äôs something it seems younger people cherish and the more traditional older Jewish people I know usually fail entirely to see.

Edit to clarify my last paragraph: the evangelical Christian‚Äôs brand of nationalism is the problem in the USA at this time.",anger,"religion,politics",anger,"politics,religion",trust,religion
96,n0h3xi0,IsraelPalestine,"""We are killing palestinan children and it's their fault"" vibes",anger,"violence,politics",disgust,violence,anger,violence
97,lryjwkm,ActualPublicFreakouts,![gif](giphy|7k2LoEykY5i1hfeWQB),neutral,other,joy,other,neutral,other
98,mrp91f5,IsraelPalestine,"If the Palestinians can get rid of UNRWA, and stop promoting anti-Semitism we might make progress.",anger,politics,anticipation,politics,neutral,religion
99,kcrigei,worldnews,"Hamas math,they throw out insane numbers that make no sense to try playing the victims (after using their own people as human shields)",anger,politics,disgust,politics,surprise,violence
100,kxvsnir,PublicFreakout,The IDF have proven that they don‚Äôt need an excuse. They‚Äôve literally become the thing they hated most.,anger,violence,anger,violence,anger,violence